{
    "AUC": 0.7610714285714286,
    "Accuracy": 0.765,
    "F1 Score": 0.47191011235955055,
    "Precision": 0.7241379310344828,
    "Recall": 0.35,
    "Confusion Matrix": [
        [
            132,
            8
        ],
        [
            39,
            21
        ]
    ],
    "Classification Report": {
        "0": {
            "precision": 0.7719298245614035,
            "recall": 0.9428571428571428,
            "f1-score": 0.8488745980707395,
            "support": 140.0
        },
        "1": {
            "precision": 0.7241379310344828,
            "recall": 0.35,
            "f1-score": 0.47191011235955055,
            "support": 60.0
        },
        "accuracy": 0.765,
        "macro avg": {
            "precision": 0.7480338777979432,
            "recall": 0.6464285714285714,
            "f1-score": 0.660392355215145,
            "support": 200.0
        },
        "weighted avg": {
            "precision": 0.7575922565033273,
            "recall": 0.765,
            "f1-score": 0.7357852523573828,
            "support": 200.0
        }
    }
}